player_id,name,pos,off_war,pit_war,fld_war,total_war
borur001,Ryan Borucki,P,0.0,-0.471305787563324,0.0,-0.4713058
altuj001,Jose Altuve,2B,0.5122867822647095,0.0,0.0,0.5122868
eiseb001,Brandon Eisert,P,0.0,-0.1510506123304367,0.0,-0.15105061
freek001,Kyle Freeland,P,0.0,0.33214572072029114,0.0,0.33214572
delac001,Chase DeLauter,RF,0.1505485624074936,0.0,0.0,0.15054856
bensw001,Will Benson,RF,-0.11755813658237457,0.0,0.0,-0.11755814
jimel003,Leo Jiménez,2B,-0.06918536126613617,0.0,0.0,-0.06918536
bruij001,Justin Bruihl,P,0.0,-0.2659514546394348,0.0,-0.26595145
x680802,Ryan Weiss,P,0.0,-0.2532421350479126,0.0,-0.25324214
allen002,Nick Allen,SS,-0.08767791837453842,0.0,0.0,-0.08767792
blisr001,Ryan Bliss,2B,-0.011076906695961952,0.0,0.0,-0.011076907
meadc001,Curtis Mead,1B,-0.05776060372591019,0.0,0.0,-0.057760604
palar002,Richie Palacios,2B,-0.07886742055416107,0.0,0.0,-0.07886742
pomed001,Drew Pomeranz,P,0.0,-0.10800888389348984,0.0,-0.108008884
grayt001,Tristan Gray,3B,-0.0422707162797451,0.0,0.0,-0.042270716
naylb001,Bo Naylor,C,-0.4052186608314514,0.0,0.0,-0.40521866
corbp001,Patrick Corbin,P,0.0,0.15243946015834808,0.0,0.15243946
mcgee001,Easton McGee,P,0.0,-0.022728286683559418,0.0,-0.022728287
holdc001,Colin Holderman,P,0.0,-0.016612954437732697,0.0,-0.016612954
ashcb001,Braxton Ashcraft,P,0.0,0.24963459372520447,0.0,0.2496346
canzd001,Dominic Canzone,RF,0.034731991589069366,0.0,0.0,0.03473199
schwk001,Kyle Schwarber,LF,0.018064728006720543,0.0,0.0,0.018064728
messp001,Parker Messick,P,0.0,0.7780566811561584,0.0,0.7780567
perem004,Martín Pérez,P,0.0,0.4557858109474182,0.0,0.4557858
canoy001,Yennier Cano,P,0.0,0.026292938739061356,0.0,0.026292939
oviej001,Johan Oviedo,P,0.0,-0.05016687512397766,0.0,-0.050166875
bernb001,Brennan Bernardino,P,0.0,0.005898489151149988,0.0,0.005898489
ariag002,Gabriel Arias,SS,-0.08046904951334,0.0,0.0,-0.08046905
peraf001,Freddy Peralta,P,0.0,0.07267564535140991,0.0,0.072675645
davih001,Henry Davis,C,0.003628149628639221,0.0,0.0,0.0036281496
blacp001,Paul Blackburn,P,0.0,0.008209310472011566,0.0,0.0082093105
tavel001,Leody Taveras,CF,0.05351237580180168,0.0,0.0,0.053512376
adamj002,Jason Adam,P,0.0,0.03717866167426109,0.0,0.03717866
crowp001,Pete Crow-Armstrong,CF,0.2934193015098572,0.0,0.0,0.2934193
mikom001,Miles Mikolas,P,0.0,-0.5651253461837769,0.0,-0.56512535
espis001,Santiago Espinal,3B,-0.05955858156085014,0.0,0.0,-0.05955858
kentz001,Zak Kent,P,0.0,-0.17936798930168152,0.0,-0.17936799
roycc001,Chris Roycroft,P,0.0,-0.2028188705444336,0.0,-0.20281887
earlc001,Connelly Early,P,0.0,0.11564751714468002,0.0,0.11564752
tidwb001,Blade Tidwell,P,0.0,0.0965152382850647,0.0,0.09651524
x701678,Hao-Yu  Lee,3B,-0.05436273291707039,0.0,0.0,-0.054362733
loweb001,Brandon Lowe,2B,0.16464665532112122,0.0,0.0,0.16464666
reynb001,Bryan Reynolds,LF,0.3044201135635376,0.0,0.0,0.3044201
nanct001,Tommy Nance,P,0.0,-0.5455202460289001,0.0,-0.54552025
yelic001,Christian Yelich,LF,0.10538797080516815,0.0,0.0,0.10538797
molls001,Sam Moll,P,0.0,-0.22030358016490936,0.0,-0.22030358
fairp001,Pete Fairbanks,P,0.0,-0.14346078038215637,0.0,-0.14346078
quere001,Edgar Quero,C,-0.050121407955884933,0.0,0.0,-0.050121408
wolfg001,Grant Wolfram,P,0.0,0.10266600549221039,0.0,0.102666005
naylj001,Josh Naylor,1B,-0.06515277922153473,0.0,0.0,-0.06515278
paddc001,Chris Paddack,P,0.0,-0.19162479043006897,0.0,-0.19162479
melem001,MJ Melendez,LF,-0.08877528458833694,0.0,0.0,-0.088775285
crisc002,Cooper Criswell,P,0.0,0.20568306744098663,0.0,0.20568307
hamii001,Ian Hamilton,P,0.0,-0.014278097078204155,0.0,-0.014278097
nolaa001,Aaron Nola,P,0.0,-0.028511520475149155,0.0,-0.02851152
ashcg001,Graham Ashcraft,P,0.0,0.2541760802268982,0.0,0.25417608
basas001,Samuel Basallo,C,0.04563741385936737,0.0,0.0,0.045637414
sprob001,Brandon Sproat,P,0.0,-0.7624892592430115,0.0,-0.76248926
muncm002,Max Muncy,3B,-0.11703474819660187,0.0,0.0,-0.11703475
robee001,Ethan Roberts,P,0.0,-0.14579422771930695,0.0,-0.14579423
trioj001,Jared Triolo,SS,-0.11978429555892944,0.0,0.0,-0.119784296
tovae001,Ezequiel Tovar,SS,-0.01783113181591034,0.0,0.0,-0.017831132
roblv001,Victor Robles,RF,-0.07886479794979095,0.0,0.0,-0.0788648
rodrc003,Carlos Rodriguez,P,0.0,0.0519736185669899,0.0,0.05197362
x808959,Munetaka Murakami,1B,0.313366174697876,0.0,0.0,0.31336617
varll001,Louis Varland,P,0.0,0.238684743642807,0.0,0.23868474
uriba001,Abner Uribe,P,0.0,-0.21995794773101807,0.0,-0.21995795
kellc002,Carson Kelly,C,0.09223361313343048,0.0,0.0,0.09223361
marta007,Austin Martin,LF,0.01594548486173153,0.0,0.0,0.015945485
castn001,Nick Castellanos,RF,-0.1281563937664032,0.0,0.0,-0.1281564
fulfb001,Braxton Fulford,C,-0.015157227404415607,0.0,0.0,-0.015157227
acunr001,Ronald Acuña Jr.,RF,0.13576553761959076,0.0,0.0,0.13576554
ceccs001,Slade Cecconi,P,0.0,-0.4010849893093109,0.0,-0.401085
huffs001,Sam Huff,C,-0.04719104245305061,0.0,0.0,-0.047191042
willc002,Carson Williams,SS,-0.06012765318155289,0.0,0.0,-0.060127653
bradt002,Taj Bradley,P,0.0,0.8451215624809265,0.0,0.84512156
bednd001,David Bednar,P,0.0,0.008818269707262516,0.0,0.00881827
ramiy002,Yohan Ramírez,P,0.0,-0.3725935220718384,0.0,-0.37259352
brega001,Alex Bregman,3B,0.2859265208244324,0.0,0.0,0.28592652
boydm001,Matthew Boyd,P,0.0,-0.2591826319694519,0.0,-0.25918263
camen001,Noah Cameron,P,0.0,-0.10467974841594696,0.0,-0.10467975
pop-z001,Zach Pop,P,0.0,-0.05885157734155655,0.0,-0.058851577
brogc001,Connor Brogdon,P,0.0,-0.3674459159374237,0.0,-0.36744592
parei001,Isaac Paredes,3B,0.06626100093126297,0.0,0.0,0.066261
could001,Danny Coulombe,P,0.0,-0.05125904083251953,0.0,-0.05125904
estrl002,Lazaro Estrada,P,0.0,0.07015857845544815,0.0,0.07015858
farmk001,Kyle Farmer,3B,-0.023639049381017685,0.0,0.0,-0.02363905
deluj001,Jonny DeLuca,RF,0.019631873816251755,0.0,0.0,0.019631874
rosaa003,Amed Rosario,3B,-0.11700190603733063,0.0,0.0,-0.117001906
curvl001,Luis Curvelo,P,0.0,-0.001860547810792923,0.0,-0.0018605478
smitw003,Will Smith,C,0.20045724511146545,0.0,0.0,0.20045725
vasqr001,Randy Vásquez,P,0.0,0.5918554663658142,0.0,0.59185547
judga001,Aaron Judge,RF,-0.10126177966594696,0.0,0.0,-0.10126178
darnt001,Travis d'Arnaud,C,-0.07657547295093536,0.0,0.0,-0.07657547
schrj001,John Schreiber,P,0.0,-0.1978217512369156,0.0,-0.19782175
friet001,TJ Friedl,CF,-0.35928037762641907,0.0,0.0,-0.35928038
dubom001,Mauricio Dubón,SS,0.2846699357032776,0.0,0.0,0.28466994
cleag001,Garrett Cleavinger,P,0.0,-0.11581160873174667,0.0,-0.11581161
shusj001,Jared Shuster,P,0.0,-0.11059816181659698,0.0,-0.11059816
winnk001,Keaton Winn,P,0.0,0.02980666235089302,0.0,0.029806662
smits003,Shane Smith,P,0.0,-0.2942178249359131,0.0,-0.29421782
friem001,Max Fried,P,0.0,0.8312491178512573,0.0,0.8312491
kingm002,Michael King,P,0.0,0.526923656463623,0.0,0.52692366
poncc002,Cody Ponce,P,0.0,0.030145559459924698,0.0,0.03014556
beavd001,Dylan Beavers,RF,0.027403518557548523,0.0,0.0,0.027403519
irvij001,Jake Irvin,P,0.0,-0.2815033197402954,0.0,-0.28150332
perdg001,Geraldo Perdomo,SS,0.283692330121994,0.0,0.0,0.28369233
herrt002,Tim Herrin,P,0.0,0.037067729979753494,0.0,0.03706773
hudsb001,Bryan Hudson,P,0.0,0.2909353971481323,0.0,0.2909354
horws001,Spencer Horwitz,1B,0.299527645111084,0.0,0.0,0.29952765
junkj001,Janson Junk,P,0.0,0.05063474178314209,0.0,0.05063474
ralec001,Cal Raleigh,C,-0.11262845993041992,0.0,0.0,-0.11262846
yamay001,Yoshinobu Yamamoto,P,0.0,0.48019057512283325,0.0,0.48019058
mccaj001,James McCann,C,-0.0847773551940918,-0.09848712384700775,0.0,-0.18326448
javic001,Cristian Javier,P,0.0,-0.5168768167495728,0.0,-0.5168768
lopej008,Joey Loperfido,LF,0.03602202609181404,0.0,0.0,0.036022026
sotog003,Gregory Soto,P,0.0,0.21410195529460907,0.0,0.21410196
x690155,Matt Pushard,P,0.0,-0.016582412645220757,0.0,-0.016582413
ferrj002,José A. Ferrer,P,0.0,-0.27748459577560425,0.0,-0.2774846
lugos001,Seth Lugo,P,0.0,0.9306224584579468,0.0,0.93062246
wiemj001,Joey Wiemer,RF,-0.011198310181498528,0.003495848970487714,0.0,-0.007702461
romaj004,Jordan Romano,P,0.0,-0.016437068581581116,0.0,-0.016437069
thiec001,Caleb Thielbar,P,0.0,0.03318812698125839,0.0,0.033188127
greer003,Riley Greene,LF,0.1638719141483307,0.0,0.0,0.16387191
fernr001,Ryan Fernandez,P,0.0,-0.03223084658384323,0.0,-0.032230847
sheeg001,Gavin Sheets,1B,-0.057883042842149734,0.0,0.0,-0.057883043
frant002,Ty France,1B,-0.10715232044458389,0.0,0.0,-0.10715232
cavac001,Cade Cavalli,P,0.0,-0.008113456889986992,0.0,-0.008113457
headb001,Brent Headrick,P,0.0,0.3644312620162964,0.0,0.36443126
durbc002,Caleb Durbin,3B,0.09027774631977081,0.0,0.0,0.09027775
gaddh001,Hunter Gaddis,P,0.0,0.018754392862319946,0.0,0.018754393
hillj002,Jaden Hill,P,0.0,0.28196585178375244,0.0,0.28196585
littz001,Zack Littell,P,0.0,-0.5645020604133606,0.0,-0.56450206
churn001,Nathan Church,LF,-0.09240783751010895,0.0,0.0,-0.09240784
ceasd001,Dylan Cease,P,0.0,0.3142158091068268,0.0,0.3142158
moreg001,Gabriel Moreno,C,-0.09974700212478638,0.0,0.0,-0.099747
hayek001,Ke'Bryan Hayes,3B,-0.34458765387535095,0.0,0.0,-0.34458765
alexb001,Blaze Alexander,3B,-0.1048538088798523,0.0,0.0,-0.10485381
petet002,Tristan Peters,CF,-0.0873640775680542,0.0,0.0,-0.08736408
jensc001,Carter Jensen,C,0.060022301971912384,0.0,0.0,0.060022302
paulg001,Graham Pauley,3B,-0.01038498803973198,0.0,0.0,-0.010384988
slata001,Austin Slater,LF,-0.1303660273551941,0.0,0.0,-0.13036603
roget002,Tyler Rogers,P,0.0,0.26317915320396423,0.0,0.26317915
gricr001,Randal Grichuk,LF,-0.1175537258386612,0.0,0.0,-0.117553726
schoj002,Jesse Scholtens,P,0.0,-0.06288842856884003,0.0,-0.06288843
warrw001,Will Warren,P,0.0,0.4076651632785797,0.0,0.40766516
degrj001,Jacob deGrom,P,0.0,0.36043304204940796,0.0,0.36043304
aranj001,Jonathan Aranda,1B,0.3395060896873474,0.0,0.0,0.3395061
svanm001,Matt Svanson,P,0.0,-0.9619086384773254,0.0,-0.96190864
kirbg001,George Kirby,P,0.0,0.45049673318862915,0.0,0.45049673
maurr002,Ronny Mauricio,SS,-0.02202663943171501,0.0,0.0,-0.02202664
kinei001,Isiah Kiner-Falefa,2B,-0.1139792948961258,0.0,0.0,-0.113979295
cruzs001,Steven Cruz,P,0.0,-0.19400689005851746,0.0,-0.19400689
suteb001,Brent Suter,P,0.0,0.09184695780277252,0.0,0.09184696
browh001,Hunter Brown,P,0.0,0.2784467041492462,0.0,0.2784467
cannj001,,,0.0,-0.009627123363316059,0.0,-0.009627123
warra003,Austin Warren,P,0.0,-0.07937028259038925,0.0,-0.07937028
hoffj003,Jeff Hoffman,P,0.0,-0.3204176127910614,0.0,-0.3204176
solej001,Jorge Soler,RF,0.12552981078624725,0.0,0.0,0.12552981
mille002,Erik Miller,P,0.0,-0.056866198778152466,0.0,-0.0568662
barga001,Addison Barger,RF,-0.1108158677816391,0.0,0.0,-0.11081587
white006,Eli White,CF,-0.0615970678627491,0.0,0.0,-0.061597068
gausk001,Kevin Gausman,P,0.0,0.6447485089302063,0.0,0.6447485
orzee001,Eric Orze,P,0.0,0.16307608783245087,0.0,0.16307609
x681198,TJ Rumfield,1B,-0.01233068760484457,0.0,0.0,-0.012330688
lawlj001,Jordan Lawlar,LF,-0.0782376080751419,0.0,0.0,-0.07823761
milnh001,Hoby Milner,P,0.0,0.23729164898395538,0.0,0.23729165
assaj001,Javier Assad,P,0.0,-0.05786935240030289,0.0,-0.057869352
x804606,Konnor Griffin,SS,0.20666714012622833,0.0,0.0,0.20666714
piven001,Nick Pivetta,P,0.0,0.04673029109835625,0.0,0.04673029
conig001,Griffin Conine,LF,-0.029795940965414047,0.0,0.0,-0.029795941
seagc001,Corey Seager,SS,0.20574204623699188,0.0,0.0,0.20574205
x669899,Ryan Ward,1B,-0.022921059280633926,0.0,0.0,-0.02292106
schlc001,Cam Schlittler,P,0.0,0.7002187967300415,0.0,0.7002188
rodrb001,Bradgley Rodriguez,P,0.0,-0.01345969457179308,0.0,-0.013459695
higgp001,P.J. Higgins,C,-0.0628562718629837,0.012022003531455994,0.0,-0.05083426
gordc001,Colton Gordon,P,0.0,-0.07232500612735748,0.0,-0.072325006
bellb002,Brayan Bello,P,0.0,-0.2979278862476349,0.0,-0.2979279
alvaa003,,,0.0,0.1300225853919983,0.0,0.13002259
oberb002,Bailey Ober,P,0.0,0.10380806028842926,0.0,0.10380806
urquj001,José Urquidy,P,0.0,-0.2571418583393097,0.0,-0.25714186
okers001,Steven Okert,P,0.0,-0.49175310134887695,0.0,-0.4917531
narda001,Andrew Nardi,P,0.0,-0.0801989734172821,0.0,-0.08019897
yorkn001,Nick Yorke,3B,0.15363724529743195,0.0,0.0,0.15363725
doddd001,Dylan Dodd,P,0.0,0.05743083357810974,0.0,0.057430834
gerbj001,Joey Gerber,P,0.0,0.03372020646929741,0.0,0.033720206
benia002,Andrew Benintendi,LF,-0.1068897470831871,0.0,0.0,-0.10688975
luccj001,Joey Lucchesi,P,0.0,-0.12124434858560562,0.0,-0.12124435
contw001,Willson Contreras,1B,0.060417741537094116,0.0,0.0,0.06041774
smitj007,Josh Smith,2B,0.02444063499569893,0.0,0.0,0.024440635
mcmar001,Ryan McMahon,3B,-0.1992863565683365,0.0,0.0,-0.19928636
varlg001,Gus Varland,P,0.0,0.013353288173675537,0.0,0.013353288
abrac001,CJ Abrams,SS,0.3250151574611664,0.0,0.0,0.32501516
lewir003,Royce Lewis,3B,-0.059675149619579315,0.0,0.0,-0.05967515
spenm001,Mitch Spence,P,0.0,-0.0735173299908638,0.0,-0.07351733
mcnej002,Jeff McNeil,2B,-0.07473178207874298,0.0,0.0,-0.07473178
walkc002,Christian Walker,1B,0.2617502808570862,0.0,0.0,0.26175028
fermf002,Freddy Fermin,C,-0.1370987892150879,0.0,0.0,-0.13709879
candj002,Jeimer Candelario,3B,-0.09596944600343704,0.0,0.0,-0.095969446
faltb001,Bailey Falter,P,0.0,-0.04286952689290047,0.0,-0.042869527
matej003,Jorge Mateo,SS,-0.02075202763080597,0.0,0.0,-0.020752028
x687570,Connor Prielipp,P,0.0,0.007954061031341553,0.0,0.007954061
payaj001,Joel Payamps,P,0.0,-0.35021913051605225,0.0,-0.35021913
beckj003,Jordan Beck,LF,-0.13482455909252167,0.0,0.0,-0.13482456
diazy001,Yandy Díaz,1B,0.22062186896800995,0.0,0.0,0.22062187
clart003,Taylor Clarke,P,0.0,0.1180487647652626,0.0,0.118048765
eldeb001,Bryce Elder,P,0.0,0.7536160945892334,0.0,0.7536161
hoffa001,Andrew Hoffmann,P,0.0,-0.49907103180885315,0.0,-0.49907103
shugc001,Chase Shugart,P,0.0,0.1268790066242218,0.0,0.126879
bichb001,Bo Bichette,3B,-0.2255801409482956,0.0,0.0,-0.22558014
winnc001,Cole Winn,P,0.0,-0.31706738471984863,0.0,-0.31706738
ibana001,Andy Ibáñez,2B,-0.08164311945438385,0.0,0.0,-0.08164312
rutsa001,Adley Rutschman,C,-0.19951030611991882,0.0,0.0,-0.1995103
abelm001,Mick Abel,P,0.0,0.1754322648048401,0.0,0.17543226
monaa001,Andruw Monasterio,SS,-0.12496324628591537,0.0,0.0,-0.12496325
civaa001,Aaron Civale,P,0.0,0.3916381001472473,0.0,0.3916381
hilld002,Derek Hill,RF,-0.13196343183517456,0.0,0.0,-0.13196343
shawm002,Matt Shaw,RF,0.2329934537410736,0.0,0.0,0.23299345
laurr001,Ramón Laureano,LF,0.20292893052101135,0.0,0.0,0.20292893
abrew002,Wilyer Abreu,RF,0.05303596332669258,0.0,0.0,0.053035963
thoma004,Alek Thomas,CF,-0.05121878534555435,0.0,0.0,-0.051218785
chanb001,Bubba Chandler,P,0.0,0.24835090339183807,0.0,0.2483509
kellm002,Merrill Kelly,P,0.0,-0.1637832224369049,0.0,-0.16378322
kikuy001,Yusei Kikuchi,P,0.0,-0.014540409669280052,0.0,-0.01454041
paled001,Daniel Palencia,P,0.0,0.0962352380156517,0.0,0.09623524
cookb002,Billy Cook,RF,-0.03390390798449516,0.0,0.0,-0.033903908
ozunm001,Marcell Ozuna,DH,-0.17018908262252808,0.0,0.0,-0.17018908
kossc001,Christian Koss,2B,-0.03675372153520584,0.010763413272798061,0.0,-0.025990311
polaj001,,,-0.09748757630586624,0.0,0.0,-0.09748758
younj004,Jacob Young,CF,-0.075179822742939,0.0,0.0,-0.07517982
junij001,Jakob Junis,P,0.0,0.17595544457435608,0.0,0.17595544
kellb003,Brad Keller,P,0.0,-0.12671451270580292,0.0,-0.12671451
bauej001,Jake Bauers,1B,0.4276748597621918,0.0,0.0,0.42767486
brubj001,JT Brubaker,P,0.0,0.24135872721672058,0.0,0.24135873
walkj003,Jordan Walker,RF,0.028151601552963257,0.0,0.0,0.028151602
wallm001,Matt Wallner,RF,0.09059904515743256,0.0,0.0,0.090599045
megit001,Trevor Megill,P,0.0,-0.1890564262866974,0.0,-0.18905643
simsl001,Lucas Sims,P,0.0,-0.12782451510429382,0.0,-0.12782452
yoshm002,Masataka Yoshida,LF,-0.08540158718824387,0.0,0.0,-0.08540159
arral001,Luis Arraez,2B,0.04634951800107956,0.0,0.0,0.046349518
freet001,Tyler Freeman,RF,-0.13284219801425934,0.0,0.0,-0.1328422
tolbt001,Tyler Tolbert,LF,-0.025311890989542007,-0.03160403296351433,0.0,-0.056915928
gilbt001,Tyler Gilbert,P,0.0,-0.11387212574481964,0.0,-0.113872126
nimmb001,Brandon Nimmo,RF,0.06031358987092972,0.0,0.0,0.06031359
cruzf002,Fernando Cruz,P,0.0,-0.2385002076625824,0.0,-0.23850021
imans001,Shota Imanaga,P,0.0,0.10885409265756607,0.0,0.10885409
harrh002,Hogan Harris,P,0.0,0.5889058113098145,0.0,0.5889058
weisg001,Greg Weissert,P,0.0,-0.11867207288742065,0.0,-0.11867207
meyem001,Max Meyer,P,0.0,0.2904375493526459,0.0,0.29043755
teodb001,Bryce Teodosio,LF,-0.09431928396224976,0.0,0.0,-0.094319284
franj006,J.P. France,P,0.0,-0.15203219652175903,0.0,-0.1520322
mizec001,Casey Mize,P,0.0,0.7389383912086487,0.0,0.7389384
chisj001,Jazz Chisholm Jr.,2B,0.30993083119392395,0.0,0.0,0.30993083
rossj002,Joe Ross,P,0.0,-0.11555180698633194,0.0,-0.11555181
rolir001,Ryan Rolison,P,0.0,0.01148015446960926,0.0,0.0114801545
henre001,Edgardo Henriquez,P,0.0,0.01307820063084364,0.0,0.013078201
valdf001,Framber Valdez,P,0.0,0.2559815049171448,0.0,0.2559815
norbc001,Connor Norby,1B,-0.2484671175479889,0.0,0.0,-0.24846712
morea001,Adrian Morejon,P,0.0,-0.2764034569263458,0.0,-0.27640346
waldk003,Ken Waldichuk,P,0.0,-0.25451189279556274,0.0,-0.2545119
weatr001,Ryan Weathers,P,0.0,0.495427668094635,0.0,0.49542767
cabre003,Edward Cabrera,P,0.0,0.26382896304130554,0.0,0.26382896
scotv001,Victor Scott II,CF,-0.17098987102508545,0.0,0.0,-0.17098987
x701719,Tyler Samaniego,P,0.0,0.10941319167613983,0.0,0.10941319
luken001,Nathan Lukes,RF,-0.17459169030189514,0.0,0.0,-0.17459169
mccua001,Andrew McCutchen,LF,-0.170916348695755,0.0,0.0,-0.17091635
finnk001,Kyle Finnegan,P,0.0,0.3158203959465027,0.0,0.3158204
penaj004,Jeremy Peña,SS,-0.10662851482629776,0.0,0.0,-0.106628515
ginnj001,J.T. Ginn,P,0.0,0.27974748611450195,0.0,0.2797475
kilic001,Caleb Kilian,P,0.0,0.06045618653297424,0.0,0.060456187
hernh001,Heriberto Hernández,LF,-0.13429227471351624,0.0,0.0,-0.13429227
rilea001,Austin Riley,3B,0.4027697443962097,0.0,0.0,0.40276974
wellt003,Tyler Wells,P,0.0,0.12125585228204727,0.0,0.12125585
herri001,Iván Herrera,C,-0.07187607139348984,0.0,0.0,-0.07187607
stees001,Spencer Steer,LF,0.09253723919391632,0.0,0.0,0.09253724
mahlt001,Tyler Mahle,P,0.0,-0.1963968575000763,0.0,-0.19639686
slatj002,Justin Slaten,P,0.0,0.0388372503221035,0.0,0.03883725
pasqv001,Vinnie Pasquantino,1B,-0.2034088373184204,0.0,0.0,-0.20340884
stram001,Matt Strahm,P,0.0,0.03890654072165489,0.0,0.03890654
ohear001,Ryan O'Hearn,RF,0.05466628074645996,0.0,0.0,0.05466628
camij001,Junior Caminero,3B,0.12091033160686493,0.0,0.0,0.12091033
younb001,Brandon Young,P,0.0,0.1020549088716507,0.0,0.10205491
silsc001,Chase Silseth,P,0.0,-0.11380811780691147,0.0,-0.11380812
andum001,Miguel Andujar,3B,-0.14755943417549133,0.0,0.0,-0.14755943
igler001,Raisel Iglesias,P,0.0,0.24841412901878357,0.0,0.24841413
stotb001,Bryson Stott,2B,-0.012062840163707733,0.0,0.0,-0.01206284
kayfc001,CJ Kayfus,LF,-0.09965219348669052,0.0,0.0,-0.09965219
gracg001,Gordon Graceffo,P,0.0,0.2384171038866043,0.0,0.2384171
wongc001,Connor Wong,C,-0.1567639410495758,0.0,0.0,-0.15676394
perao002,Oswald Peraza,2B,-0.07668398320674896,0.0,0.0,-0.07668398
rea-c001,Colin Rea,P,0.0,0.23567596077919006,0.0,0.23567596
kerko001,Orion Kerkering,P,0.0,-0.11556674540042877,0.0,-0.115566745
nikhd001,Doug Nikhazy,P,0.0,0.017692450433969498,0.0,0.01769245
roget003,Trevor Rogers,P,0.0,0.11295104026794434,0.0,0.11295104
leasj001,Jordan Leasure,P,0.0,-0.1841123402118683,0.0,-0.18411234
bradk001,Kyle Bradish,P,0.0,-0.001085056341253221,0.0,-0.0010850563
harvh001,Hunter Harvey,P,0.0,-0.037384577095508575,0.0,-0.037384577
arris001,Spencer Arrighetti,P,0.0,0.14798526465892792,0.0,0.14798526
willb003,Brandon Williamson,P,0.0,-0.003945020027458668,0.0,-0.00394502
cortc001,Carlos Cortes,RF,-0.09741228818893433,0.0,0.0,-0.09741229
diazy004,Yainer Diaz,C,-0.015325680375099182,0.0,0.0,-0.01532568
seymi001,Ian Seymour,P,0.0,-0.09684055298566818,0.0,-0.09684055
hartk002,Kyle Hart,P,0.0,-0.3145239055156708,0.0,-0.3145239
taylt002,Tyrone Taylor,RF,-0.11098386347293854,0.0,0.0,-0.11098386
gorem001,MacKenzie Gore,P,0.0,0.01583632454276085,0.0,0.015836325
suara001,Albert Suárez,P,0.0,0.008813275955617428,0.0,0.008813276
x700712,Walbert Ureña,P,0.0,-0.37153327465057373,0.0,-0.37153327
alvaf001,Francisco Alvarez,C,-0.18027038872241974,0.0,0.0,-0.18027039
wynna001,Austin Wynns,C,-0.1657520830631256,0.0,0.0,-0.16575208
lauee001,Eric Lauer,P,0.0,-0.1943778693675995,0.0,-0.19437787
kellz001,Zack Kelly,P,0.0,-0.06275459378957748,0.0,-0.062754594
calla002,Alex Call,LF,-0.047147441655397415,0.0,0.0,-0.04714744
x702273,Noah Schultz,P,0.0,0.062218379229307175,0.0,0.06221838
cruzo001,Oneil Cruz,CF,0.5891075730323792,0.0,0.0,0.5891076
langw001,Wyatt Langford,LF,-0.14003673195838928,0.0,0.0,-0.14003673
johns003,Seth Johnson,P,0.0,-0.046637631952762604,0.0,-0.046637632
johnd006,Daniel Johnson,CF,-0.03576713427901268,0.0,0.0,-0.035767134
massm001,Michael Massey,2B,-0.17338305711746216,0.0,0.0,-0.17338306
mantj002,Joe Mantiply,P,0.0,-0.24979932606220245,0.0,-0.24979933
garcr008,Robert Garcia,P,0.0,0.021972328424453735,0.0,0.021972328
skenp001,Paul Skenes,P,0.0,0.2338728904724121,0.0,0.23387289
karrk001,Kyle Karros,3B,-0.08486942201852798,0.0,0.0,-0.08486942
bumma001,Aaron Bummer,P,0.0,0.023805338889360428,0.0,0.023805339
barch001,Hunter Barco,P,0.0,-0.10212840139865875,0.0,-0.1021284
raleb001,Brooks Raley,P,0.0,0.023027794435620308,0.0,0.023027794
scott003,Tanner Scott,P,0.0,0.23216192424297333,0.0,0.23216192
singb001,Brady Singer,P,0.0,-0.14663676917552948,0.0,-0.14663677
jimee001,Eloy Jiménez,DH,-0.06577613949775696,0.0,0.0,-0.06577614
dollc001,Chase Dollander,P,0.0,0.30429044365882874,0.0,0.30429044
mcgrm001,Michael McGreevy,P,0.0,0.4538409113883972,0.0,0.4538409
matzs001,Steven Matz,P,0.0,0.0352323055267334,0.0,0.035232306
x691946,George Klassen,P,0.0,-0.12956523895263672,0.0,-0.12956524
dejee001,Enmanuel De Jesus,P,0.0,-0.8161600828170776,0.0,-0.8161601
x702303,Riley Martin,P,0.0,0.09971608966588974,0.0,0.09971609
myert001,Tobias Myers,P,0.0,0.06294635683298111,0.0,0.06294636
benda001,Anthony Bender,P,0.0,-0.117239810526371,0.0,-0.11723981
rodrj007,Julio Rodríguez,CF,-0.29146137833595276,0.0,0.0,-0.29146138
woodj004,James Wood,RF,0.7306906580924988,0.0,0.0,0.73069066
duraj001,Jarren Duran,LF,0.019754307344555855,0.0,0.0,0.019754307
martn004,Noelvi Marte,RF,-0.12361843883991241,0.0,0.0,-0.12361844
diaze006,Edwin Díaz,P,0.0,-0.10803456604480743,0.0,-0.108034566
sengk001,Kodai Senga,P,0.0,-0.5358277559280396,0.0,-0.53582776
ercel001,Lucas Erceg,P,0.0,-0.11690939962863922,0.0,-0.1169094
mccaj003,Jake McCarthy,LF,-0.19503208994865417,0.0,0.0,-0.19503209
varsd001,Daulton Varsho,CF,-0.13009469211101532,0.0,0.0,-0.13009469
barnc002,Charlie Barnes,P,0.0,-0.043669600039720535,0.0,-0.0436696
x691725,Andrew Painter,P,0.0,0.12929725646972656,0.0,0.12929726
ryanj002,Joe Ryan,P,0.0,0.17938068509101868,0.0,0.17938069
suare001,Eugenio Suárez,3B,0.06075754761695862,0.0,0.0,0.060757548
sorig001,George Soriano,P,0.0,0.04230625182390213,0.0,0.04230625
buxtb001,Byron Buxton,CF,0.1328355371952057,0.0,0.0,0.13283554
merrj002,Jackson Merrill,CF,0.1909750998020172,0.0,0.0,0.1909751
brazh001,Huascar Brazobán,P,0.0,-0.21147160232067108,0.0,-0.2114716
jacoa001,Alek Jacob,P,0.0,0.031534843146800995,0.0,0.031534843
fraza001,Adam Frazier,2B,0.11621049791574478,0.0,0.0,0.1162105
jansd001,Danny Jansen,C,-0.2381329983472824,0.0,0.0,-0.238133
allak001,Kolby Allard,P,0.0,-0.2740785479545593,0.0,-0.27407855
langs001,Shea Langeliers,C,-0.13787424564361572,0.0,0.0,-0.13787425
seabc001,Connor Seabold,P,0.0,-0.09021113067865372,0.0,-0.09021113
semim001,Marcus Semien,2B,0.03156179562211037,0.0,0.0,0.031561796
fortn001,Nick Fortes,C,-0.12636733055114746,0.0,0.0,-0.12636733
x701807,Carson Benge,LF,-0.047636978328228,0.0,0.0,-0.04763698
uriar001,Ramón Urías,3B,-0.2413354218006134,0.0,0.0,-0.24133542
sevel001,Luis Severino,P,0.0,-0.012775180861353874,0.0,-0.012775181
butll001,Lawrence Butler,RF,-0.08873490989208221,0.0,0.0,-0.08873491
kings001,Scott Kingery,3B,-0.016165796667337418,0.0,0.0,-0.016165797
mitcg001,Garrett Mitchell,CF,0.16998621821403503,0.0,0.0,0.16998622
arenn001,Nolan Arenado,3B,0.07148244231939316,0.0,0.0,0.07148244
peree005,Everson Pereira,RF,-0.006128976121544838,0.0,0.0,-0.006128976
lee-d005,Dylan Lee,P,0.0,0.24965691566467285,0.0,0.24965692
carpk001,Kerry Carpenter,RF,0.15195892751216888,0.0,0.0,0.15195893
ederj001,Jake Eder,P,0.0,0.0021034120582044125,0.0,0.002103412
jackj002,Jeremiah Jackson,2B,0.15588878095149994,0.0,0.0,0.15588878
x802139,JJ Wetherholt,2B,-0.11621347814798355,0.0,0.0,-0.11621348
bettm001,Mookie Betts,SS,-0.06501667201519012,0.0,0.0,-0.06501667
x695020,Tanner Murray,LF,-0.06772977113723755,0.0,0.0,-0.06772977
heimj001,Jonah Heim,C,-0.14171390235424042,0.0,0.0,-0.1417139
simpc001,Chandler Simpson,LF,0.22300991415977478,0.0,0.0,0.22300991
waldm003,Matt Waldron,P,0.0,-0.09310825169086456,0.0,-0.09310825
turab002,Brice Turang,2B,0.5543774366378784,0.0,0.0,0.55437744
jansk001,Kenley Jansen,P,0.0,-0.031523726880550385,0.0,-0.031523727
x691945,Carter Baumler,P,0.0,0.08698530495166779,0.0,0.086985305
gallz001,Zac Gallen,P,0.0,0.35664233565330505,0.0,0.35664234
ranga001,Alan Rangel,P,0.0,0.028813619166612625,0.0,0.02881362
zerpa001,Angel Zerpa,P,0.0,-0.2575247585773468,0.0,-0.25752476
carav001,Victor Caratini,C,0.18383675813674927,0.0,0.0,0.18383676
sulsc001,Cole Sulser,P,0.0,-0.04173858091235161,0.0,-0.04173858
ralel001,Luke Raley,RF,0.137332484126091,0.0,0.0,0.13733248
weavl001,Luke Weaver,P,0.0,-0.07867661118507385,0.0,-0.07867661
dever001,Rafael Devers,1B,-0.1370886266231537,0.0,0.0,-0.13708863
sosae001,Edmundo Sosa,2B,-0.13773572444915771,0.0,0.0,-0.13773572
riceb001,Ben Rice,1B,0.24166393280029297,0.0,0.0,0.24166393
agnoz001,Zach Agnos,P,0.0,-0.020592164248228073,0.0,-0.020592164
haggs001,Sam Haggerty,LF,-0.06372974067926407,0.0,0.0,-0.06372974
x803011,Sam Antonacci,LF,-0.0793035626411438,0.0,0.0,-0.07930356
santd003,Dennis Santana,P,0.0,0.12358727306127548,0.0,0.12358727
willb004,Ben Williamson,2B,0.025085529312491417,0.002620853018015623,0.0,0.027706381
adamw002,Willy Adames,SS,-0.12932723760604858,0.0,0.0,-0.12932724
sullb001,Brett Sullivan,C,-0.22275236248970032,0.0,0.0,-0.22275236
fernj007,Julian Fernández,P,0.0,0.003265534294769168,0.0,0.0032655343
geloz001,Zack Gelof,CF,-0.08541698753833771,0.0,0.0,-0.08541699
jeffr002,Ryan Jeffers,C,-0.026410818099975586,0.0,0.0,-0.026410818
x805326,Tyler Schweitzer,P,0.0,0.01793602854013443,0.0,0.017936029
povic001,Cade Povich,P,0.0,0.25880226492881775,0.0,0.25880226
garcl006,Luis García Jr.,1B,0.0342501699924469,0.0,0.0,0.03425017
ohopl001,Logan O'Hoppe,C,0.2121003419160843,0.0,0.0,0.21210034
cronj001,Jake Cronenworth,2B,0.1200028508901596,0.0,0.0,0.12000285
speig001,Gabe Speier,P,0.0,-0.007629713509231806,0.0,-0.0076297135
munor002,Rolddy Muñoz,P,0.0,-0.020270805805921555,0.0,-0.020270806
montm003,Mason Montgomery,P,0.0,-0.07574915885925293,0.0,-0.07574916
myerd001,Dane Myers,CF,-0.05448666960000992,0.0,0.0,-0.05448667
grana001,Andre Granillo,P,0.0,-0.1789323091506958,0.0,-0.17893231
kinlt001,Tyler Kinley,P,0.0,0.2074079066514969,0.0,0.2074079
schup002,Paxton Schultz,P,0.0,-0.03110566735267639,0.0,-0.031105667
haysa001,Austin Hays,LF,-0.0225579421967268,0.0,0.0,-0.022557942
mclam001,Matt McLain,2B,-0.02071141079068184,0.0,0.0,-0.02071141
hoskr001,Rhys Hoskins,1B,0.0014416113262996078,0.0,0.0,0.0014416113
schem001,Max Scherzer,P,0.0,-0.13573555648326874,0.0,-0.13573556
crawj002,J.P. Crawford,SS,-0.058883536607027054,0.0,0.0,-0.058883537
grays001,Sonny Gray,P,0.0,-0.010252547450363636,0.0,-0.010252547
harrk001,Kyle Harrison,P,0.0,0.3460475206375122,0.0,0.34604752
outmj002,James Outman,CF,-0.04878710210323334,0.0,0.0,-0.048787102
lindf001,Francisco Lindor,SS,-0.12058652937412262,0.0,0.0,-0.12058653
browb006,Ben Brown,P,0.0,-0.4691186845302582,0.0,-0.46911868
stept001,Tyler Stephenson,C,-0.11586949974298477,0.0,0.0,-0.1158695
kim-h003,Hyeseong Kim,SS,-0.08790268003940582,0.0,0.0,-0.08790268
pozoy001,Yohel Pozo,C,-0.08533330261707306,0.0,0.0,-0.0853333
hendg002,Gunnar Henderson,SS,0.1307687759399414,0.0,0.0,0.13076878
jungj001,Josh Jung,3B,0.0153454365208745,0.0,0.0,0.0153454365
caglj001,Jac Caglianone,RF,0.021226439625024796,0.0,0.0,0.02122644
rittr002,Ryan Ritter,2B,-0.035668324679136276,0.0,0.0,-0.035668325
sotoj001,Juan Soto,LF,-0.105460986495018,0.0,0.0,-0.10546099
kuhnj001,Joel Kuhnel,P,0.0,-0.26662522554397583,0.0,-0.26662523
dreyj001,Jack Dreyer,P,0.0,-0.22392794489860535,0.0,-0.22392794
bassb002,Brady Basso,P,0.0,0.0013237424427643418,0.0,0.0013237424
johnr010,Ryan Johnson,P,0.0,-0.08452426642179489,0.0,-0.08452427
marts002,Starling Marte,RF,-0.1632334142923355,0.0,0.0,-0.16323341
x683742,Jose Franco,P,0.0,0.028039103373885155,0.0,0.028039103
marsb002,Brandon Marsh,LF,-0.06696993112564087,0.0,0.0,-0.06696993
kleiw001,Will Klein,P,0.0,-0.02252522110939026,0.0,-0.022525221
ortij005,Joey Ortiz,SS,0.04638150334358215,0.0,0.0,0.046381503
hoern001,Nico Hoerner,2B,0.23453597724437714,0.0,0.0,0.23453598
morgd001,David Morgan,P,0.0,0.033624835312366486,0.0,0.033624835
x699912,Jose Fernandez,1B,0.2753855586051941,0.0,0.0,0.27538556
gomey002,Yoendrys Gómez,P,0.0,-0.5790280103683472,0.0,-0.579028
x696062,Wilber Dotel,P,0.0,-0.04414423555135727,0.0,-0.044144236
fuend001,Didier Fuentes,P,0.0,-0.009635692462325096,0.0,-0.009635692
hickl001,Liam Hicks,C,0.323300838470459,0.0,0.0,0.32330084
blacm001,Mason Black,P,0.0,-0.0018360211979597807,0.0,-0.0018360212
hurtb001,Brant Hurter,P,0.0,-0.040200360119342804,0.0,-0.04020036
kremd001,Dean Kremer,P,0.0,-0.04403571039438248,0.0,-0.04403571
mearn001,Nick Mears,P,0.0,0.08937184512615204,0.0,0.089371845
vazqc001,Christian Vázquez,C,-0.028515532612800598,0.0,0.0,-0.028515533
lorem002,Michael Lorenzen,P,0.0,-0.6664568781852722,0.0,-0.6664569
martc009,Corbin Martin,P,0.0,0.03834476321935654,0.0,0.038344763
garca005,Adolis García,RF,-0.08924147486686707,0.0,0.0,-0.089241475
meyej002,Jake Meyers,CF,-0.09969024360179901,0.0,0.0,-0.09969024
goodh001,Hunter Goodman,C,0.21267084777355194,0.0,0.0,0.21267085
x689441,Coleman Crow,P,0.0,0.030052125453948975,0.0,0.030052125
doylb001,Brenton Doyle,CF,-0.00825495459139347,0.0,0.0,-0.008254955
mayem002,Marcelo Mayer,2B,-0.09386564791202545,0.0,0.0,-0.09386565
pedej001,Joc Pederson,1B,0.041621528565883636,0.0,0.0,0.04162153
suarr001,Ranger Suarez,P,0.0,-0.06052287295460701,0.0,-0.060522873
vestw001,Will Vest,P,0.0,-0.1389351785182953,0.0,-0.13893518
skubt001,Tarik Skubal,P,0.0,0.6095203757286072,0.0,0.6095204
ray-r002,Robbie Ray,P,0.0,0.3157365322113037,0.0,0.31573653
baezj001,Javier Báez,SS,-0.040807001292705536,0.0,0.0,-0.040807
tawat001,Tim Tawa,LF,-0.12856461107730865,0.0,0.0,-0.12856461
abreb002,Bryan Abreu,P,0.0,-0.30114322900772095,0.0,-0.30114323
chiva001,Angel Chivilli,P,0.0,0.043482713401317596,0.0,0.043482713
bachs001,Sam Bachman,P,0.0,0.11492457240819931,0.0,0.11492457
mangj001,Jake Mangum,LF,0.20933814346790314,0.0,0.0,0.20933814
torks001,Spencer Torkelson,1B,-0.03479475528001785,0.0,0.0,-0.034794755
x691277,Deyvison De Los Santos,1B,-0.040193453431129456,0.0,0.0,-0.040193453
mattb001,Brice Matthews,LF,-0.17080894112586975,0.0,0.0,-0.17080894
smitp002,Pavin Smith,1B,-0.03923998028039932,0.0,0.0,-0.03923998
estec001,Carlos Estévez,P,0.0,-0.04451201483607292,0.0,-0.044512015
schan001,Nolan Schanuel,1B,0.000593659293372184,0.0,0.0,0.0005936593
fermj001,José Fermín,LF,-0.14694270491600037,0.0,0.0,-0.1469427
rasmd002,Drew Rasmussen,P,0.0,0.27196893095970154,0.0,0.27196893
refsr001,Rob Refsnyder,RF,-0.1764887273311615,0.0,0.0,-0.17648873
escaj001,J.C. Escarra,C,-0.06948637962341309,0.0,0.0,-0.06948638
loper003,Reynaldo López,P,0.0,0.07512743771076202,0.0,0.07512744
burrm001,Mike Burrows,P,0.0,-0.3735482096672058,0.0,-0.3735482
hergj001,Jimmy Herget,P,0.0,0.2589631676673889,0.0,0.25896317
arozr001,Randy Arozarena,LF,0.028123442083597183,0.0,0.0,0.028123442
rasht001,Taylor Rashi,P,0.0,-0.05187055468559265,0.0,-0.051870555
burnc003,Chase Burns,P,0.0,0.5486737489700317,0.0,0.54867375
x686560,Gavin Collyer,P,0.0,0.05182201415300369,0.0,0.051822014
x696070,Kendry Rojas,P,0.0,0.02777651883661747,0.0,0.027776519
phamt001,Tommy Pham,LF,-0.059283167123794556,0.0,0.0,-0.059283167
lowen001,Nathaniel Lowe,1B,-0.08181913197040558,0.0,0.0,-0.08181913
ragac001,Cole Ragans,P,0.0,-0.07018151134252548,0.0,-0.07018151
x675660,Shane Drohan,P,0.0,-0.01563907042145729,0.0,-0.01563907
vargi001,Ildemaro Vargas,1B,0.11531291902065277,0.0,0.0,0.11531292
vilar001,Ryan Vilade,RF,-0.09136386960744858,0.0,0.0,-0.09136387
actog001,Garrett Acton,P,0.0,-0.13322558999061584,0.0,-0.13322559
mayoc001,Coby Mayo,3B,0.12203105539083481,0.0,0.0,0.122031055
higak001,Kyle Higashioka,C,-0.04968050494790077,0.0,0.0,-0.049680505
kellk004,Kevin Kelly,P,0.0,-0.1709926426410675,0.0,-0.17099264
bibet001,Tanner Bibee,P,0.0,0.07960912585258484,0.0,0.079609126
larnt001,Trevor Larnach,LF,-0.004865556955337524,0.0,0.0,-0.004865557
schnd001,Davis Schneider,LF,-0.05865294858813286,0.0,0.0,-0.05865295
housb001,Brady House,3B,0.28389281034469604,0.0,0.0,0.2838928
mullc002,Cedric Mullins,CF,-0.039697274565696716,0.0,0.0,-0.039697275
ribao001,Orlando Ribalta,P,0.0,0.03230420500040054,0.0,0.032304205
vauga001,Andrew Vaughn,1B,-0.02054583467543125,0.0,0.0,-0.020545835
nelsr003,Ryne Nelson,P,0.0,-1.008530855178833,0.0,-1.0085309
webbl001,Logan Webb,P,0.0,-0.21309037506580353,0.0,-0.21309038
torrl001,Luis Torrens,C,-0.090635284781456,0.0,0.0,-0.090635285
bowlj001,Jonathan Bowlan,P,0.0,-0.1905326098203659,0.0,-0.19053261
x672960,Kazuma Okamoto,3B,-0.1669926792383194,0.0,0.0,-0.16699268
dovac001,Camilo Doval,P,0.0,-0.1923770010471344,0.0,-0.192377
fluhm001,Mason Fluharty,P,0.0,-0.0029491379391402006,0.0,-0.002949138
wilcc001,Cole Wilcox,P,0.0,-0.19658072292804718,0.0,-0.19658072
hernt002,Teoscar Hernández,LF,0.13017448782920837,0.0,0.0,0.13017449
senza001,Antonio Senzatela,P,0.0,0.13253654539585114,0.0,0.13253655
baz-s001,Shane Baz,P,0.0,0.05412561446428299,0.0,0.054125614
gilbl002,Logan Gilbert,P,0.0,0.1371212750673294,0.0,0.13712128
henrc001,Cole Henry,P,0.0,-0.13495191931724548,0.0,-0.13495192
x671382,Cameron Foster,P,0.0,-0.06365067511796951,0.0,-0.063650675
bellc002,Cody Bellinger,LF,0.3410571217536926,0.0,0.0,0.34105712
moraj003,Jovani Morán,P,0.0,-0.10228852182626724,0.0,-0.10228852
barnm002,Mason Barnett,P,0.0,0.06746271997690201,0.0,0.06746272
diaze005,Elias Díaz,C,-0.02009977027773857,0.0,0.0,-0.02009977
matop002,Phil Maton,P,0.0,-0.1144699901342392,0.0,-0.11446999
patrc001,Chad Patrick,P,0.0,0.4180928170681,0.0,0.41809282
santt001,Tony Santillan,P,0.0,0.25174281001091003,0.0,0.2517428
yastm001,Mike Yastrzemski,LF,0.34167495369911194,0.0,0.0,0.34167495
gilbd001,Drew Gilbert,CF,-0.04901253432035446,0.0,0.0,-0.049012534
rockk001,Kumar Rocker,P,0.0,0.2047177255153656,0.0,0.20471773
romej002,JoJo Romero,P,0.0,0.08693058788776398,0.0,0.08693059
alonp001,Pete Alonso,1B,0.03452106565237045,0.0,0.0,0.034521066
verlj001,Justin Verlander,P,0.0,-0.03191094845533371,0.0,-0.03191095
backk001,Kyle Backhus,P,0.0,-0.10483591258525848,0.0,-0.10483591
campl002,Luis Campusano,C,-0.09112831950187683,0.0,0.0,-0.09112832
lawrj002,Justin Lawrence,P,0.0,-0.19375601410865784,0.0,-0.19375601
stanm004,Giancarlo Stanton,DH,0.18225514888763428,0.0,0.0,0.18225515
batyb001,Brett Baty,RF,-0.16254283487796783,0.0,0.0,-0.16254283
peted003,David Peterson,P,0.0,-0.09692307561635971,0.0,-0.096923076
andes002,Shaun Anderson,P,0.0,-0.15632545948028564,0.0,-0.15632546
roupl001,Landen Roupp,P,0.0,0.3137736916542053,0.0,0.3137737
manzk001,Kyle Manzardo,1B,-0.1457221955060959,0.0,0.0,-0.1457222
ramoh002,Heliot Ramos,LF,-0.09968633204698563,0.0,0.0,-0.09968633
roccb001,Brayan Rocchio,SS,0.177653968334198,0.0,0.0,0.17765397
wrobj001,Justin Wrobleski,P,0.0,0.4518778920173645,0.0,0.4518779
freea001,Alex Freeland,2B,0.048357099294662476,0.0,0.0,0.0483571
chapa002,Andrés Chaparro,1B,-0.026823684573173523,0.0,0.0,-0.026823685
willg004,Gavin Williams,P,0.0,0.6064643263816833,0.0,0.6064643
rushd001,Dalton Rushing,C,-0.044566117227077484,0.0,0.0,-0.044566117
bogax001,Xander Bogaerts,SS,-0.16861359775066376,0.0,0.0,-0.1686136
kingb001,Bryan King,P,0.0,-0.21879549324512482,0.0,-0.2187955
kingj002,John King,P,0.0,0.012129178270697594,0.0,0.012129178
torrg001,Gleyber Torres,2B,0.08586522191762924,0.0,0.0,0.08586522
moncy001,Yoán Moncada,3B,-0.08028171211481094,0.0,0.0,-0.08028171
sandc001,Cole Sands,P,0.0,-0.030282139778137207,0.0,-0.03028214
leitj001,Jack Leiter,P,0.0,-0.12915131449699402,0.0,-0.12915131
burkb001,Brock Burke,P,0.0,0.03571789339184761,0.0,0.035717893
smitd008,Dominic Smith,1B,0.06585747748613358,0.0,0.0,0.06585748
hance001,Emerson Hancock,P,0.0,0.425287663936615,0.0,0.42528766
webbj002,Jacob Webb,P,0.0,-0.6704221367835999,0.0,-0.67042214
jax-g001,Griffin Jax,P,0.0,-0.8724721074104309,0.0,-0.8724721
latzj001,Jacob Latz,P,0.0,0.20983028411865234,0.0,0.20983028
stram002,Myles Straw,RF,-0.08142481744289398,0.0,0.0,-0.08142482
meidc001,Chase Meidroth,2B,-0.26309168338775635,0.0,0.0,-0.26309168
anthr001,Roman Anthony,LF,-0.0234469436109066,0.0,0.0,-0.023446944
lockb001,Brandon Lockridge,LF,-0.4183788299560547,0.0,0.0,-0.41837883
marsj002,Jakob Marsee,CF,-0.1864953637123108,0.0,0.0,-0.18649536
fishb002,Braydon Fisher,P,0.0,0.116191066801548,0.0,0.11619107
stowk001,Kyle Stowers,LF,-0.0710136666893959,0.0,0.0,-0.07101367
valeg001,George Valera,LF,-0.08649520576000214,0.0,0.0,-0.086495206
kimbc001,Craig Kimbrel,P,0.0,0.04061732441186905,0.0,0.040617324
marqg001,Germán Márquez,P,0.0,0.11936976760625839,0.0,0.11936977
mccls003,Shane McClanahan,P,0.0,-0.05314937233924866,0.0,-0.053149372
rutlj002,Jackson Rutledge,P,0.0,-0.1371229737997055,0.0,-0.13712297
boltc001,Cody Bolton,P,0.0,-0.2790411114692688,0.0,-0.2790411
bakeb001,Bryan Baker,P,0.0,-0.010434905998408794,0.0,-0.010434906
buttj001,José Buttó,P,0.0,-0.11171016842126846,0.0,-0.11171017
taylg002,Grant Taylor,P,0.0,0.16069534420967102,0.0,0.16069534
woo-b001,Bryan Woo,P,0.0,0.415557324886322,0.0,0.41555732
troum001,Mike Trout,CF,0.46518999338150024,0.0,0.0,0.46519
sandc002,Cam Sanders,P,0.0,-0.03335728123784065,0.0,-0.03335728
olsom001,Matt Olson,1B,0.6265532970428467,0.0,0.0,0.6265533
pagea001,Andy Pages,CF,0.34072041511535645,0.0,0.0,0.34072042
bailp001,Patrick Bailey,C,-0.30704349279403687,0.0,0.0,-0.3070435
rojam002,Miguel Rojas,SS,-0.15760204195976257,0.002802980598062277,0.0,-0.15479906
alvae002,Elvis Alvarado,P,0.0,-0.3478633463382721,0.0,-0.34786335
indij001,Jonathan India,2B,-0.0005779936909675598,0.0,0.0,-0.0005779937
rogej004,Jake Rogers,C,-0.09651927649974823,0.012722034938633442,0.0,-0.08379724
schmc003,Casey Schmitt,1B,-0.11823706328868866,0.0,0.0,-0.11823706
alvaj004,José Alvarado,P,0.0,-0.032037846744060516,0.0,-0.032037847
estrj002,Jeremiah Estrada,P,0.0,-0.06108661741018295,0.0,-0.061086617
sabre001,Erik Sabrowski,P,0.0,0.020193222910165787,0.0,0.020193223
lee-b002,Brooks Lee,SS,0.10671307146549225,0.0,0.0,0.10671307
happi001,Ian Happ,LF,0.31219160556793213,0.0,0.0,0.3121916
montk001,Keider Montero,P,0.0,-0.009409690275788307,0.0,-0.00940969
younc005,Cole Young,2B,0.024965381249785423,0.0,0.0,0.024965381
mejij003,Juan Mejia,P,0.0,-0.08817513287067413,0.0,-0.08817513
englm001,Mason Englert,P,0.0,-0.6354459524154663,0.0,-0.63544595
gimea001,Andrés Giménez,SS,-0.1042318344116211,0.0,0.0,-0.104231834
x682877,Juan Brito,2B,-0.07451426982879639,0.0,0.0,-0.07451427
lopeo001,Otto Lopez,SS,0.27043527364730835,0.0,0.0,0.27043527
smitc009,Cade Smith,P,0.0,-0.19464631378650665,0.0,-0.19464631
clard004,Denzel Clarke,CF,-0.06809690594673157,0.0,0.0,-0.068096906
woodb005,Brandon Woodruff,P,0.0,0.09459443390369415,0.0,0.094594434
x700413,Tyler Uberstine,P,0.0,0.024740070104599,0.0,0.02474007
lambp001,Peter Lambert,P,0.0,0.0974394828081131,0.0,0.09743948
lordb001,Brad Lord,P,0.0,-0.43506377935409546,0.0,-0.43506378
chapa001,Aroldis Chapman,P,0.0,0.027858149260282516,0.0,0.02785815
sosal001,Lenyn Sosa,2B,-0.24610991775989532,0.0,0.0,-0.24610992
durae002,Ezequiel Duran,LF,0.0736386626958847,0.0,0.0,0.07363866
johnb005,Bryce Johnson,RF,-0.07614362239837646,0.0,0.0,-0.07614362
bazae001,Eduard Bazardo,P,0.0,0.2952633202075958,0.0,0.29526332
murrj001,Jayden Murray,P,0.0,0.006319105625152588,0.0,0.0063191056
brenw002,Will Brennan,LF,-0.020552609115839005,0.0,0.0,-0.02055261
muncm001,Max Muncy,3B,0.1187506914138794,0.0,0.0,0.11875069
deloe001,Enyel De Los Santos,P,0.0,-0.07570531219244003,0.0,-0.07570531
keitc001,Colt Keith,3B,0.07767699658870697,0.0,0.0,0.077677
barrj004,Jorge Barrosa,LF,-0.00332288327626884,0.0,0.0,-0.0033228833
lowej002,Josh Lowe,LF,-0.17322959005832672,0.0,0.0,-0.17322959
wittb002,Bobby Witt Jr.,SS,-0.2673618793487549,0.0,0.0,-0.26736188
murpc001,,,0.0,-0.32585445046424866,0.0,-0.32585445
leahk001,Kyle Leahy,P,0.0,-0.06880920380353928,0.0,-0.068809204
rodre004,Eduardo Rodriguez,P,0.0,0.4800487160682678,0.0,0.48004872
loftn001,Nick Loftin,3B,-0.06854410469532013,0.0,0.0,-0.068544105
suarj001,José Suarez,P,0.0,0.02550957165658474,0.0,0.025509572
castw003,Willi Castro,2B,-0.1666296273469925,0.0,0.0,-0.16662963
siske001,Evan Sisk,P,0.0,-0.0919332280755043,0.0,-0.09193323
wilsj006,Jacob Wilson,SS,-0.13190814852714539,0.0,0.0,-0.13190815
martc007,Chris Martin,P,0.0,-0.24175521731376648,0.0,-0.24175522
marta008,Angel Martínez,LF,0.07653983682394028,0.0,0.0,0.07653984
fralj001,Jake Fraley,RF,-0.23741841316223145,0.0,0.0,-0.23741841
mccul002,Lance McCullers Jr.,P,0.0,-0.30392834544181824,0.0,-0.30392835
housa001,Adrian Houser,P,0.0,-0.19271495938301086,0.0,-0.19271496
yarbr001,Ryan Yarbrough,P,0.0,-0.115648053586483,0.0,-0.11564805
gustr001,Ryan Gusto,P,0.0,0.010445197112858295,0.0,0.010445197
ramia004,Agustín Ramírez,C,-0.052649129182100296,0.0,0.0,-0.05264913
x691740,Daniel Susac,C,-0.06873350590467453,0.0,0.0,-0.068733506
perec004,Cionel Pérez,P,0.0,-0.010434329509735107,0.0,-0.0104343295
tailj001,Jameson Taillon,P,0.0,-0.0573233887553215,0.0,-0.05732339
whitg002,Garrett Whitlock,P,0.0,0.09612850844860077,0.0,0.09612851
hickj002,Jordan Hicks,P,0.0,-0.39120084047317505,0.0,-0.39120084
abboa001,Andrew Abbott,P,0.0,-0.12073618173599243,0.0,-0.12073618
banda001,Anthony Banda,P,0.0,-0.1911388337612152,0.0,-0.19113883
avill002,Luinder Avila,P,0.0,-0.13267430663108826,0.0,-0.1326743
deloy001,Yerry De los Santos,P,0.0,0.021068820729851723,0.0,0.02106882
mclen001,Nolan McLean,P,0.0,0.2970088720321655,0.0,0.29700887
jonej007,Jahmai Jones,RF,-0.08932434022426605,0.0,0.0,-0.08932434
turnt001,Trea Turner,SS,-0.17980283498764038,0.0,0.0,-0.17980283
flemj001,Josh Fleming,P,0.0,-0.026782631874084473,0.0,-0.026782632
x681252,Jack Anderson,P,0.0,-0.013583282940089703,0.0,-0.013583283
faucc001,Calvin Faucher,P,0.0,-0.22717876732349396,0.0,-0.22717877
tenaj001,José Tena,2B,0.08207676559686661,0.0,0.0,0.082076766
alext001,Tyler Alexander,P,0.0,0.32577958703041077,0.0,0.3257796
sheee001,Emmet Sheehan,P,0.0,-0.05098605155944824,0.0,-0.05098605
buehw001,Walker Buehler,P,0.0,-0.12512920796871185,0.0,-0.12512921
wella002,Austin Wells,C,-0.1293582022190094,0.0,0.0,-0.1293582
morge001,Eli Morgan,P,0.0,-0.01668829470872879,0.0,-0.016688295
boylj001,Joe Boyle,P,0.0,-0.08673432469367981,0.0,-0.086734325
may-d003,Dustin May,P,0.0,-0.2298632115125656,0.0,-0.22986321
palla001,Andre Pallante,P,0.0,0.11219998449087143,0.0,0.112199984
kellm003,Mitch Keller,P,0.0,0.3547486662864685,0.0,0.35474867
fundk001,Kody Funderburk,P,0.0,0.36017829179763794,0.0,0.3601783
adelj001,Jo Adell,RF,0.0719878226518631,0.0,0.0,0.07198782
sandn001,Nick Sandlin,P,0.0,-0.3031054139137268,0.0,-0.3031054
perew002,Wenceel Pérez,RF,-0.07112031430006027,0.0,0.0,-0.071120314
isbek001,Kyle Isbel,CF,0.05471821874380112,0.0,0.0,0.05471822
kellm004,Michael Kelly,P,0.0,-0.03592034429311752,0.0,-0.035920344
parkm001,Mitchell Parker,P,0.0,0.07942961156368256,0.0,0.07942961
wisdp001,Patrick Wisdom,1B,-0.005628554616123438,0.0,0.0,-0.0056285546
littl001,Luke Little,P,0.0,0.0019409321248531342,0.0,0.0019409321
harrm004,Michael Harris II,CF,0.06300479173660278,0.0,0.0,0.06300479
oneit001,Tyler O'Neill,RF,-0.0941634401679039,0.0,0.0,-0.09416344
ballm001,Moisés Ballesteros,C,0.02612103894352913,0.0,0.0,0.026121039
baldd001,Drake Baldwin,C,0.5541207194328308,0.0,0.0,0.5541207
garcl005,Luis García,P,0.0,-0.06890018284320831,0.0,-0.06890018
caiso001,Owen Caissie,RF,0.06307913362979889,0.0,0.0,0.06307913
meadp001,Parker Meadows,CF,-0.024810949340462685,0.0,0.0,-0.02481095
birdj001,Jake Bird,P,0.0,-0.07695958018302917,0.0,-0.07695958
lopej007,Jacob Lopez,P,0.0,0.10410872846841812,0.0,0.10410873
sancg002,Gary Sánchez,C,-0.08798990398645401,0.0,0.0,-0.087989904
schnd002,Daniel Schneemann,CF,0.09184727817773819,0.0,0.0,0.09184728
philt002,Tyler Phillips,P,0.0,0.36351996660232544,0.0,0.36351997
younj003,Jared Young,1B,-0.1400686502456665,0.0,0.0,-0.14006865
perkj001,Jack Perkins,P,0.0,0.18294209241867065,0.0,0.18294209
aldes001,Sam Aldegheri,P,0.0,0.05828449875116348,0.0,0.0582845
mcgur002,Reese McGuire,C,-0.09894223511219025,0.011443572118878365,0.0,-0.08749866
hurtk001,Kyle Hurt,P,0.0,-0.04248226433992386,0.0,-0.042482264
cleme002,Ernie Clement,2B,0.006195791065692902,0.0,0.0,0.006195791
machm001,Manny Machado,3B,-0.04394266754388809,0.0,0.0,-0.043942668
crocg001,Garrett Crochet,P,0.0,-0.7367109060287476,0.0,-0.7367109
lawec001,Cody Laweryson,P,0.0,-0.09321367740631104,0.0,-0.09321368
contw002,William Contreras,C,0.35600602626800537,0.0,0.0,0.35600603
sugat001,Tomoyuki Sugano,P,0.0,0.30529600381851196,0.0,0.305296
ruizk001,Keibert Ruiz,C,-0.13443613052368164,0.0,0.0,-0.13443613
colli001,Isaac Collins,LF,-0.10238915681838989,0.0,0.0,-0.10238916
confm001,Michael Conforto,RF,-0.125758096575737,0.0,0.0,-0.1257581
x837227,Tatsuya Imai,P,0.0,0.03677082434296608,0.0,0.036770824
martn002,Nick Martinez,P,0.0,0.7226011753082275,0.0,0.7226012
moral001,Luis Morales,P,0.0,-0.2397010773420334,0.0,-0.23970108
rival002,Leo Rivas,3B,0.07221418619155884,0.0,0.0,0.072214186
vivaj001,Jorbit Vivas,3B,0.07908336818218231,0.0,0.0,0.07908337
burla001,Alec Burleson,1B,0.023476583883166313,0.0,0.0,0.023476584
eovan001,Nathan Eovaldi,P,0.0,-0.14337724447250366,0.0,-0.14337724
swand001,Dansby Swanson,SS,0.425576776266098,0.0,0.0,0.42557678
kirka001,Alejandro Kirk,C,-0.09898124635219574,0.0,0.0,-0.09898125
hillt002,Tim Hill,P,0.0,0.38520917296409607,0.0,0.38520917
delca001,Adrian Del Castillo,C,-0.024355769157409668,0.0,0.0,-0.02435577
walkt004,Taijuan Walker,P,0.0,-0.7496393918991089,0.0,-0.7496394
festm001,Matt Festa,P,0.0,-0.7227345108985901,0.0,-0.7227345
x689296,Anthony Nunez,P,0.0,0.03708139434456825,0.0,0.037081394
kreir001,Ryan Kreidler,3B,-0.03225367143750191,0.0,0.0,-0.03225367
nunen001,Nasim Nuñez,2B,0.10260453075170517,0.0,0.0,0.10260453
caspb001,Ben Casparius,P,0.0,-0.03476867824792862,0.0,-0.03476868
millm004,Mason Miller,P,0.0,0.3417171537876129,0.0,0.34171715
hortc001,Cade Horton,P,0.0,0.12790414690971375,0.0,0.12790415
ginkk001,Kevin Ginkel,P,0.0,-0.11855985224246979,0.0,-0.11855985
salec001,Chris Sale,P,0.0,0.3872761130332947,0.0,0.3872761
corrc001,Carlos Correa,SS,0.5838824510574341,0.0,0.0,0.58388245
x702222,Justin Crawford,CF,-0.022893592715263367,0.0,0.0,-0.022893593
mayzt001,Tim Mayza,P,0.0,-0.07130534946918488,0.0,-0.07130535
gonzn001,Nick Gonzales,3B,-0.1142377033829689,0.0,0.0,-0.1142377
freef001,Freddie Freeman,1B,0.23035946488380432,0.0,0.0,0.23035946
netoz001,Zach Neto,SS,0.6215642690658569,0.0,0.0,0.62156427
burks001,Sean Burke,P,0.0,0.016981983557343483,0.0,0.016981984
goldp001,Paul Goldschmidt,1B,-0.07134535163640976,0.0,0.0,-0.07134535
x678218,Brandon Valenzuela,C,-0.10918168723583221,0.0,0.0,-0.10918169
kochj001,Jack Kochanowicz,P,0.0,0.41203269362449646,0.0,0.4120327
leguc001,Casey Legumina,P,0.0,0.008398769423365593,0.0,0.008398769
peres002,Salvador Perez,C,0.10169585794210434,0.0,0.0,0.10169586
vienm001,Mark Vientos,1B,-0.03524882718920708,0.0,0.0,-0.035248827
stanr002,Ryne Stanek,P,0.0,-0.4490039348602295,0.0,-0.44900393
x694680,Trevor Martin,P,0.0,-0.015657979995012283,0.0,-0.01565798
stort001,Trevor Story,SS,-0.08786752074956894,0.0,0.0,-0.08786752
badeh001,Harrison Bader,CF,-0.16578534245491028,0.0,0.0,-0.16578534
libem001,Matthew Liberatore,P,0.0,0.2927536368370056,0.0,0.29275364
sancj003,Jesús Sánchez,LF,0.07113271951675415,0.0,0.0,0.07113272
mckiz001,Zach McKinstry,2B,-0.15974782407283783,0.0,0.0,-0.15974782
feltr001,Ryan Feltner,P,0.0,-0.1254877746105194,0.0,-0.12548777
thoml002,Lane Thomas,CF,-0.3326184153556824,0.0,0.0,-0.33261842
lee-j001,Jung Hoo Lee,RF,0.04657295346260071,0.0,0.0,0.046572953
armss001,Shawn Armstrong,P,0.0,-0.02419445849955082,0.0,-0.024194458
tatif002,Fernando Tatis Jr.,RF,0.20554335415363312,0.0,0.0,0.20554335
winnm001,Masyn Winn,SS,0.0861220434308052,0.0,0.0,0.08612204
sanoj001,Javier Sanoja,3B,-0.16738419234752655,0.0,0.0,-0.16738419
sodet001,Tyler Soderstrom,LF,0.2181321680545807,0.0,0.0,0.21813217
liled001,Daylen Lile,LF,0.33094993233680725,0.0,0.0,0.33094993
bassc001,Chris Bassitt,P,0.0,-0.32449308037757874,0.0,-0.32449308
santc002,Carlos Santana,1B,-0.0942804291844368,0.0,0.0,-0.09428043
castl003,Luis Castillo,P,0.0,-0.20815697312355042,0.0,-0.20815697
amaym001,Miguel Amaya,C,0.10250427573919296,0.0,0.0,0.102504276
saggt001,Thomas Saggese,LF,-0.13405108451843262,0.0,0.0,-0.13405108
treib001,Blake Treinen,P,0.0,0.02881418541073799,0.0,0.028814185
x688883,Peyton Pallette,P,0.0,0.02622208558022976,0.0,0.026222086
julie001,Edouard Julien,2B,-0.2777143120765686,0.0,0.0,-0.2777143
ennsd001,Dietrich Enns,P,0.0,0.0761604979634285,0.0,0.0761605
hiray002,Yaramil Hiraldo,P,0.0,-0.0615646131336689,0.0,-0.061564613
harpb003,Bryce Harper,1B,0.05431152507662773,0.0,0.0,0.054311525
keasl001,Luke Keaschall,2B,0.19197413325309753,0.0,0.0,0.19197413
bartj003,Joey Bart,C,-0.15810568630695343,0.0,0.0,-0.15810569
votha001,Austin Voth,P,0.0,0.013712549582123756,0.0,0.01371255
willl001,Luke Williams,SS,-0.004667492117732763,0.0,0.0,-0.004667492
sorij002,José Soriano,P,0.0,1.2872676849365234,0.0,1.2872677
rengl001,Luis Rengifo,3B,-0.06997588276863098,0.0,0.0,-0.06997588
anded003,Drew Anderson,P,0.0,-0.8775200843811035,0.0,-0.8775201
kay-a001,Anthony Kay,P,0.0,0.06109890341758728,0.0,0.061098903
x700842,Eduardo Rivera,P,0.0,0.06913767755031586,0.0,0.06913768
koenj001,Jared Koenig,P,0.0,-0.2350987195968628,0.0,-0.23509872
vesia001,Alex Vesia,P,0.0,0.17828086018562317,0.0,0.17828086
acunl001,Luisangel Acuña,CF,-0.15341652929782867,0.0,0.0,-0.15341653
medil002,Luis Medina,P,0.0,-0.07480316609144211,0.0,-0.074803166
gil-l001,Luis Gil,P,0.0,0.1459256112575531,0.0,0.14592561
carrc005,Corbin Carroll,RF,-0.022177914157509804,0.0,0.0,-0.022177914
ohtas001,Shohei Ohtani,TWP,0.2528719902038574,0.6455264687538147,0.0,0.8983984
roa-c001,Christian Roa,P,0.0,-0.13121969997882843,0.0,-0.1312197
tengk001,Kai-Wei Teng,P,0.0,0.2937222123146057,0.0,0.2937222
pfaab001,Brandon Pfaadt,P,0.0,0.07468339055776596,0.0,0.07468339
poulp001,PJ Poulin,P,0.0,-0.3236924707889557,0.0,-0.32369247
x699151,Jedixson Paez,P,0.0,-0.2846866548061371,0.0,-0.28468665
fry-d001,David Fry,RF,-0.053807951509952545,0.0,0.0,-0.05380795
albio001,Ozzie Albies,2B,0.30812662839889526,0.0,0.0,0.30812663
alvay001,Yordan Alvarez,LF,0.4031923711299896,0.0,0.0,0.40319237
holmg001,Grant Holmes,P,0.0,0.3208604156970978,0.0,0.32086042
gurrl001,Lourdes Gurriel Jr.,LF,-0.07037605345249176,0.0,0.0,-0.07037605
holmc001,Clay Holmes,P,0.0,0.582375705242157,0.0,0.5823757
ramij003,José Ramírez,3B,0.25689128041267395,0.0,0.0,0.25689128
roget001,Taylor Rogers,P,0.0,-0.1728171855211258,0.0,-0.17281719
bakel001,Luken Baker,1B,-0.030770793557167053,0.0,0.0,-0.030770794
carte001,Evan Carter,CF,0.08674932271242142,0.0,0.0,0.08674932
clemk001,Kody Clemens,1B,-0.053641967475414276,0.0,0.0,-0.053641967
hindr001,Rece Hinds,RF,-0.05034551024436951,0.0,0.0,-0.05034551
smitc010,Cam Smith,RF,0.2891063690185547,0.0,0.0,0.28910637
carld002,Dylan Carlson,LF,-0.021429523825645447,0.0,0.0,-0.021429524
wardt002,Taylor Ward,LF,-0.14113828539848328,0.0,0.0,-0.14113829
gagem001,Matt Gage,P,0.0,0.05283085256814957,0.0,0.052830853
manas001,Sean Manaea,P,0.0,-0.007278560195118189,0.0,-0.00727856
perkb002,Blake Perkins,LF,-0.023962389677762985,0.0,0.0,-0.02396239
zefer001,Ryan Zeferjahn,P,0.0,-0.2624954879283905,0.0,-0.2624955
domis001,Seranthony Domínguez,P,0.0,-0.18976660072803497,0.0,-0.1897666
duraj002,Jhoan Duran,P,0.0,-0.033491816371679306,0.0,-0.033491816
delae003,Elly De La Cruz,SS,0.16451022028923035,0.0,0.0,0.16451022
wachm001,Michael Wacha,P,0.0,0.594887912273407,0.0,0.5948879
cabaj001,José Caballero,SS,-0.10980286449193954,0.0,0.0,-0.109802864
rafac001,Ceddanne Rafaela,CF,0.013019857928156853,0.0,0.0,0.013019858
marir001,Ron Marinaccio,P,0.0,-0.13567064702510834,0.0,-0.13567065
garvm001,Mitch Garver,C,-0.155435249209404,0.0,0.0,-0.15543525
sancc002,Cristopher Sánchez,P,0.0,0.45437079668045044,0.0,0.4543708
whits003,Shay Whitcomb,3B,-0.05091062933206558,0.0,0.0,-0.05091063
moord002,Dylan Moore,CF,-0.059961967170238495,-0.04756898432970047,0.0,-0.10753095
peraw002,Wandy Peralta,P,0.0,-0.26574909687042236,0.0,-0.2657491
bachl001,Lake Bachar,P,0.0,0.11195890605449677,0.0,0.111958906
buscm003,Michael Busch,1B,0.09685780107975006,0.0,0.0,0.0968578
woodj003,Jake Woodford,P,0.0,-0.029886942356824875,0.0,-0.029886942
woods002,Simeon Woods Richardson,P,0.0,-0.3573773205280304,0.0,-0.35737732
marcr001,Rafael Marchán,C,-0.2461816817522049,0.0,0.0,-0.24618168
bellj005,Josh Bell,1B,0.5128388404846191,0.0,0.0,0.51283884
x694025,Felix Reyes,LF,-0.05080942437052727,0.0,0.0,-0.050809424
gormn001,Nolan Gorman,3B,-0.08578994125127792,0.0,0.0,-0.08578994
johnp001,Pierce Johnson,P,0.0,0.22530898451805115,0.0,0.22530898
fedde001,Erick Fedde,P,0.0,0.09921090304851532,0.0,0.0992109
guerv002,Vladimir Guerrero Jr.,1B,0.12653228640556335,0.0,0.0,0.12653229
harrd003,Dustin Harris,LF,-0.10825707763433456,0.0,0.0,-0.10825708
hernd006,Darell Hernaiz,3B,-0.15075521171092987,0.0,0.0,-0.15075521
bluba001,AJ Blubaugh,P,0.0,-0.4650396704673767,0.0,-0.46503967
griff001,Foster Griffin,P,0.0,0.3481634557247162,0.0,0.34816346
bankt001,Tanner Banks,P,0.0,-0.03441506624221802,0.0,-0.034415066
topaj001,Justin Topa,P,0.0,-0.2164744883775711,0.0,-0.21647449
willd004,Devin Williams,P,0.0,-0.0906100869178772,0.0,-0.09061009
x670245,Ryan Watson,P,0.0,-0.37305667996406555,0.0,-0.37305668
beetc001,Clayton Beeter,P,0.0,-0.06501050293445587,0.0,-0.0650105
vierm001,Matt Vierling,CF,-0.20819738507270813,0.0,0.0,-0.20819739
langa001,Alex Lange,P,0.0,-0.08684976398944855,0.0,-0.086849764
martd006,Davis Martin,P,0.0,0.5272858738899231,0.0,0.5272859
raqun001,Nick Raquet,P,0.0,-0.020859161391854286,0.0,-0.020859161
leitm002,Mark Leiter Jr.,P,0.0,-0.2516609728336334,0.0,-0.25166097
lyncd001,Daniel Lynch IV,P,0.0,0.17778244614601135,0.0,0.17778245
trevj001,Jose Trevino,C,-0.0665673241019249,0.0,0.0,-0.066567324
gordt002,Tanner Gordon,P,0.0,-0.08955737203359604,0.0,-0.08955737
petem001,Michael Petersen,P,0.0,0.05664175748825073,0.0,0.056641757
quanc001,Cal Quantrill,P,0.0,-0.027119766920804977,0.0,-0.027119767
narvc002,Carlos Narváez,C,-0.04386957734823227,0.0,0.0,-0.043869577
chapm001,Matt Chapman,3B,0.006172388792037964,0.0,0.0,0.006172389
holtt002,Tyler Holton,P,0.0,-0.18971070647239685,0.0,-0.1897107
hedga001,Austin Hedges,C,0.07070715725421906,-0.020246146246790886,0.0,0.050461005
misij001,Jacob Misiorowski,P,0.0,0.08725591748952866,0.0,0.08725592
kurtn001,Nick Kurtz,1B,-0.44022029638290405,0.0,0.0,-0.4402203
johnt003,Troy Johnston,RF,0.021060753613710403,0.0,0.0,0.021060754
halld004,DL Hall,P,0.0,-0.01697273924946785,0.0,-0.01697274
matol002,Luis Matos,RF,-0.07640766352415085,0.0,0.0,-0.07640766
efliz001,Zach Eflin,P,0.0,0.062389813363552094,0.0,0.062389813
alcas001,Sandy Alcantara,P,0.0,0.31283271312713623,0.0,0.3128327
x702193,Andrew Morris,P,0.0,-0.008032049983739853,0.0,-0.00803205
garcm003,Maikel Garcia,3B,-0.35722583532333374,0.0,0.0,-0.35722584
martk001,Ketel Marte,2B,0.10463245213031769,0.0,0.0,0.10463245
burgj001,Jake Burger,1B,0.2970706820487976,0.0,0.0,0.29707068
realj001,J.T. Realmuto,C,-0.15931639075279236,0.0,0.0,-0.15931639
joneg003,Greg Jones,LF,-0.05109211057424545,0.0,0.0,-0.05109211
kempo001,Otto Kemp,LF,-0.14422239363193512,0.0,0.0,-0.1442224
morij002,Juan Morillo,P,0.0,-0.17157575488090515,0.0,-0.17157575
glast001,Tyler Glasnow,P,0.0,0.2585434317588806,0.0,0.25854343
munor001,Roddery Muñoz,P,0.0,-0.2843262553215027,0.0,-0.28432626
nicok001,Kyle Nicolas,P,0.0,-0.23728108406066895,0.0,-0.23728108
andeg002,Grant Anderson,P,0.0,-0.3514736294746399,0.0,-0.35147363
pagae001,Emilio Pagán,P,0.0,0.0254176314920187,0.0,0.025417631
lover001,Richard Lovelady,P,0.0,-0.3051213324069977,0.0,-0.30512133
munoa002,Andrés Muñoz,P,0.0,-0.24523897469043732,0.0,-0.24523897
tuckk001,Kyle Tucker,RF,0.3468843400478363,0.0,0.0,0.34688434
olivj003,Jared Oliva,CF,-0.030782010406255722,0.0,0.0,-0.03078201
cowsc001,Colton Cowser,RF,-0.13058194518089294,0.0,0.0,-0.13058195
sprij001,Jeffrey Springs,P,0.0,0.6975700259208679,0.0,0.69757
detmr001,Reid Detmers,P,0.0,0.11143175512552261,0.0,0.111431755
helsr001,Ryan Helsley,P,0.0,0.1841161996126175,0.0,0.1841162
rookb001,Brent Rooker,RF,-0.08813778311014175,0.0,0.0,-0.08813778
kwans001,Steven Kwan,CF,0.36769917607307434,0.0,0.0,0.36769918
littb002,Brendon Little,P,0.0,-0.4049103856086731,0.0,-0.4049104
edwax001,Xavier Edwards,2B,0.28271743655204773,0.0,0.0,0.28271744
rodrj009,Johnathan Rodríguez,RF,-0.029566660523414612,0.0,0.0,-0.02956666
bellv001,Valente Bellozo,P,0.0,-0.22240057587623596,0.0,-0.22240058
flahj002,Jack Flaherty,P,0.0,0.09126944839954376,0.0,0.09126945
newcs001,Sean Newcomb,P,0.0,-0.07432113587856293,0.0,-0.074321136
quinj001,Jose Quintana,P,0.0,-0.16890884935855865,0.0,-0.16890885
hendl002,Logan Henderson,P,0.0,-0.03938840329647064,0.0,-0.039388403
sterj001,Justin Sterner,P,0.0,-0.16376367211341858,0.0,-0.16376367
grisv001,Vaughn Grissom,2B,-0.0683286264538765,0.0,0.0,-0.06832863
monim001,Mickey Moniak,LF,-0.09305570274591446,0.0,0.0,-0.0930557
obrir001,Riley O'Brien,P,0.0,0.06281539052724838,0.0,0.06281539
peree004,Eury Pérez,P,0.0,-0.10808012634515762,0.0,-0.10808013
walkr001,Ryan Walker,P,0.0,0.21021266281604767,0.0,0.21021266
luzaj001,Jesús Luzardo,P,0.0,-0.38379138708114624,0.0,-0.3837914
sorom001,Michael Soroka,P,0.0,0.518872857093811,0.0,0.51887286
philc001,Connor Phillips,P,0.0,0.09854613244533539,0.0,0.09854613
milld003,Drew Millas,C,-0.017379585653543472,0.0,0.0,-0.017379586
bohma001,Alec Bohm,3B,0.029506277292966843,0.0,0.0,0.029506277
ashba003,Aaron Ashby,P,0.0,0.15637794137001038,0.0,0.15637794
dingd001,Dillon Dingler,C,0.2920762896537781,0.0,0.0,0.2920763
frels001,Sal Frelick,RF,0.1981196403503418,0.0,0.0,0.19811964
wilsw002,Weston Wilson,3B,-0.017034921795129776,0.0,0.0,-0.017034922
suarr002,Robert Suarez,P,0.0,0.14612005650997162,0.0,0.14612006
x691620,Jeferson Quero,C,-0.01136676874011755,0.0,0.0,-0.011366769
hamid002,David Hamilton,3B,0.08400756120681763,0.0,0.0,0.08400756
wallt003,Taylor Walls,SS,0.0027077365666627884,0.0,0.0,0.0027077366
bidoo001,Osvaldo Bido,P,0.0,-0.18457753956317902,0.0,-0.18457754
lowdr001,Rhett Lowder,P,0.0,0.24902896583080292,0.0,0.24902897
mlodc001,Carmen Mlodzinski,P,0.0,0.3556894361972809,0.0,0.35568944
donob001,Brendan Donovan,3B,-0.3439050614833832,0.0,0.0,-0.34390506
joe-c001,Connor Joe,1B,-0.04723455011844635,0.0,0.0,-0.04723455
vodnv001,Victor Vodnik,P,0.0,0.08085928857326508,0.0,0.08085929
encaj002,Jerar Encarnacion,RF,-0.14881056547164917,0.0,0.0,-0.14881057
thomr007,Ryan Thompson,P,0.0,-0.3286397457122803,0.0,-0.32863975
mounr001,Ryan Mountcastle,1B,-0.06512703746557236,0.0,0.0,-0.06512704
sprig001,George Springer,DH,-0.06351049244403839,0.0,0.0,-0.06351049
pagep001,Pedro Pagés,C,-0.038527533411979675,0.0,0.0,-0.038527533
stews004,Sal Stewart,1B,0.28089699149131775,0.0,0.0,0.280897
garcr006,Rico Garcia,P,0.0,0.1759212762117386,0.0,0.17592128
biggh001,Hunter Bigge,P,0.0,0.049368102103471756,0.0,0.049368102
tramt001,Taylor Trammell,CF,-0.13572721183300018,0.0,0.0,-0.13572721
vargm001,Miguel Vargas,3B,-0.03068593703210354,0.0,0.0,-0.030685937
bubik001,Kris Bubic,P,0.0,0.19488252699375153,0.0,0.19488253
loaij001,Jonathan Loáisiga,P,0.0,0.03458479791879654,0.0,0.034584798
cantj002,Joey Cantillo,P,0.0,0.22974362969398499,0.0,0.22974363
barls001,Scott Barlow,P,0.0,0.14571155607700348,0.0,0.14571156
sewap001,Paul Sewald,P,0.0,0.10833628475666046,0.0,0.108336285
matti001,Isaac Mattson,P,0.0,0.11680406332015991,0.0,0.11680406
montc004,Colson Montgomery,SS,0.025408729910850525,0.0,0.0,0.02540873
sasar001,Roki Sasaki,P,0.0,-0.0581284835934639,0.0,-0.058128484
suzus001,Seiya Suzuki,RF,0.026773829013109207,0.0,0.0,0.026773829
x693686,Spencer Miles,P,0.0,-0.09172946214675903,0.0,-0.09172946
x805808,Kevin McGonigle,SS,0.430509090423584,0.0,0.0,0.4305091
farrm001,Mitch Farris,P,0.0,0.005163207650184631,0.0,0.0051632077
x701474,Duncan Davitt,P,0.0,0.012360446155071259,0.0,0.012360446
beekj001,Jalen Beeks,P,0.0,-0.049878962337970734,0.0,-0.049878962
feduh001,Hunter Feduccia,C,-0.013747680000960827,0.0,0.0,-0.01374768
grist001,Trent Grisham,CF,-0.20343637466430664,0.0,0.0,-0.20343637
brasm001,Matt Brash,P,0.0,0.05443773791193962,0.0,0.054437738
heint001,Tyler Heineman,C,-0.18702374398708344,-0.06573308259248734,0.0,-0.25275683
robel002,Luis Robert Jr.,CF,-0.19750459492206573,0.0,0.0,-0.1975046
